//parents
CREATE TABLE Customer (
    customer_id        NUMBER(10) PRIMARY KEY,
    first_name         VARCHAR2(50) NOT NULL,
    last_name          VARCHAR2(50) NOT NULL,
    email              VARCHAR2(100) UNIQUE NOT NULL,
    phone_number       VARCHAR2(20),
    password           VARCHAR2(100) NOT NULL,
    date_of_birth      DATE,
    country            VARCHAR2(50),
    membership_status  VARCHAR2(20) DEFAULT 'Regular' 
                      CHECK (membership_status IN ('Regular', 'Silver', 'Gold', 'Platinum')),
    registration_date  DATE DEFAULT SYSDATE
);

CREATE TABLE Hotel (
    hotel_id NUMBER PRIMARY KEY,
    hotel_name VARCHAR2(50) NOT NULL, 
    address VARCHAR2(500) NOT NULL,
    phone_number VARCHAR2(10),
    email VARCHAR2(200) UNIQUE NOT NULL,
    manager_name VARCHAR2(50),
    num_of_rooms NUMBER,
    status VARCHAR2(20),
    rating NUMBER(2, 1),
    website CLOB

);

CREATE TABLE FLIGHTS(
    flight_no NUMBER(10) PRIMARY KEY,
    flight_name VARCHAR2(50),
    time_depart DATE ,
    time_arrived DATE,
    date_depart DATE,
    date_arrived DATE,
    origin VARCHAR2(50),
    destination VARCHAR2 (50),
    flight_status VARCHAR2(50),
    seat_capacity VARCHAR2 (5)
);

CREATE TABLE APARTMENT(
    apt_id NUMBER(10)PRIMARY KEY,
    landlord_name VARCHAR2(50),
    apt_address VARCHAR2(200),
    unitNo NUMBER(5),
    city VARCHAR2(20),
    rent_per_month NUMBER(6,2),
    num_of_rooms NUMBER(2),
    max_guests NUMBER(2),
    landlord_phone_no VARCHAR2(20),
    utilities_included VARCHAR2(20)
);

CREATE TABLE TRAVEL_PACKAGE (
    package_id          NUMBER(10) GENERATED BY DEFAULT AS IDENTITY PRIMARY KEY,
    hotel_id            NUMBER(10) NOT NULL,
    package_name        VARCHAR2(20) NOT NULL,
    destination_name    VARCHAR2(20),
    duration            NUMBER(3),
    price               NUMBER(6,2) CHECK (price >= 0) NOT NULL,
    Included_activities CLOB,
    Start_date          DATE,
    End_date            DATE,
    Availability_status VARCHAR2(20) DEFAULT 'Available' 
                        CHECK (Availability_status IN ('Available', 'Full', 'Cancelled')),

       CONSTRAINT fk_travel_package_hotel
        FOREIGN KEY (hotel_id)
        REFERENCES Hotel(hotel_id)
);

CREATE TABLE REVIEW (
    review_id          NUMBER(10)       PRIMARY KEY,
    hotel_id           NUMBER(10)       NOT NULL,
    customer_id        NUMBER(10)       NOT NULL,
    apt_id             NUMBER(10)       NOT NULL,
    would_recommend    VARCHAR2(255),
    review_date        DATE,
    cleanliness_score  NUMBER(10),
    service_score      NUMBER(10),
    value_score        NUMBER(10),
    overall_rating     NUMBER(10),

    constraint fk_review_customer
        FOREIGN KEY (customer_id)
        REFERENCES Customer(customer_id),
        
    constraint fk_review_apartment
        FOREIGN KEY (apt_id)
        REFERENCES Apartment(apt_id)


);



//child
CREATE TABLE TRANSPORT (
    transport_id        NUMBER(10) PRIMARY KEY,
    package_id          NUMBER(10) NOT NULL, 
    type                VARCHAR2(20) NOT NULL,
    pickup_location     VARCHAR2(20),
    dropoff_location    VARCHAR2(20),
    pickup_time         TIMESTAMP,
    dropoff_time        TIMESTAMP,
    trip_cost           NUMBER(8,2) CHECK (trip_cost >= 0) NOT NULL,
    service_provider    VARCHAR2(20),
    availability_status VARCHAR2(20) DEFAULT 'On Time' 
                        CHECK (availability_status IN ('On Time', 'Delayed', 'Cancelled')),
    FOREIGN KEY (package_id) REFERENCES TRAVEL_PACKAGE(package_id)
); 

CREATE TABLE ROOM (
    room_id            NUMBER(10)       PRIMARY KEY,
    hotel_id           NUMBER(10),
    room_type          VARCHAR2(50),
    check_in_date      DATE,
    check_out_date     DATE,
    max_guests         NUMBER(10),
    price_per_night    NUMBER(10,2),
    booking_status     VARCHAR2(30),
    payment_status     VARCHAR2(30),
    availability_status VARCHAR2(30),
    CONSTRAINT hotel_id_fk FOREIGN KEY (hotel_id)
    REFERENCES HOTEL (hotel_id)
);

CREATE TABLE FLIGHT_BOOKING(
    booking_id VARCHAR2(20),
    flight_no NUMBER(10),
    customer_id NUMBER(10),
    seat_no VARCHAR2(10),
    booking_date DATE,
    Fare NUMBER(6,2),
    class VARCHAR2(20),
    payment_status VARCHAR2(20),
    booking_status VARCHAR2(20),
    travel_insurance VARCHAR2(20),
    CONSTRAINT booking_id_pk PRIMARY KEY(booking_id),
    CONSTRAINT flight_no_fk FOREIGN KEY (flight_no)
    REFERENCES FLIGHTS (flight_no),
    CONSTRAINT customer_id_fk FOREIGN KEY (customer_id)
    REFERENCES CUSTOMER (customer_id)
);

CREATE TABLE Staff (
    staff_id          NUMBER GENERATED BY DEFAULT AS IDENTITY PRIMARY KEY,
    hotel_id          NUMBER NOT NULL,
    first_name        VARCHAR2(50) NOT NULL,
    last_name         VARCHAR2(50) NOT NULL,
    position          VARCHAR2(50) NOT NULL,
    email             VARCHAR2(100) UNIQUE NOT NULL,
    phone_number      VARCHAR2(20),
    hire_date         DATE DEFAULT SYSDATE,
    employment_status VARCHAR2(20) DEFAULT 'Active' 
                      CHECK (employment_status IN ('Active', 'Inactive', 'On Leave')),
    salary            NUMBER(10,2) CHECK (salary >= 0),
    CONSTRAINT fk_hotel
        FOREIGN KEY (hotel_id)
        REFERENCES Hotel(hotel_id)
        ON DELETE CASCADE
);

CREATE TABLE PACKAGE_TRANSPORT (
    PackageTransport_id    NUMBER(10)PRIMARY KEY,
    package_id             NUMBER(10)NOT NULL,
    transport_id           NUMBER(10)NOT NULL,
    departure_date         DATE,
    arrival_date           DATE,
    departure_time         TIMESTAMP,
    arrival_time           TIMESTAMP,
    pickup_location        VARCHAR2(50),
    dropoff_location       VARCHAR2(50),
    price_included         NUMBER(8,2) CHECK (price_included >= 0),
    FOREIGN KEY (package_id) REFERENCES TRAVEL_PACKAGE(package_id),
    FOREIGN KEY (transport_id) REFERENCES TRANSPORT(transport_id)
);

//cucu
CREATE TABLE Reservation (
    reservation_id NUMBER PRIMARY KEY,
    customer_id NUMBER,
    transport_id NUMBER,
    room_id NUMBER,
    hotel_id NUMBER,
    apt_id NUMBER,
    check_in_date DATE,
    check_out_date DATE,
    reservation_status VARCHAR2(20),
    total_price NUMBER(10, 2),
    CONSTRAINT fk_reservation1 
     FOREIGN KEY (customer_id)
     REFERENCES Customer (customer_id) ON DELETE CASCADE,
    CONSTRAINT fk_reservation2 
     FOREIGN KEY (transport_id)
     REFERENCES Transport (transport_id) ON DELETE CASCADE, 
    CONSTRAINT fk_reservation3 
     FOREIGN KEY (room_id)
     REFERENCES Room (room_id) ON DELETE CASCADE,
     CONSTRAINT fk_reservation4 
     FOREIGN KEY (hotel_id)
     REFERENCES Hotel (hotel_id) ON DELETE CASCADE,
     CONSTRAINT fk_reservation5 
     FOREIGN KEY (apt_id)
     REFERENCES Apartment (apt_id) ON DELETE CASCADE
);


--CUSTOMER
INSERT INTO customer (customer_id, first_name, last_name, email, phone_number, password, date_of_birth, country, membership_status, registration_date)
VALUES (1, 'Alice','Tan','alice@gmail.com','0123456789','pass123',DATE '1995-06-15','Malaysia','Regular', DATE '2025-11-01');
INSERT INTO customer (customer_id, first_name, last_name, email, phone_number, password, date_of_birth, country, membership_status, registration_date)
VALUES (2, 'Bob','Lee','bob@gmail.com','0198765432','pass456',DATE '1990-12-01','Singapore','Silver', DATE '2025-11-02');
INSERT INTO customer (customer_id, first_name, last_name, email, phone_number, password, date_of_birth, country, membership_status, registration_date)
VALUES (3, 'Charlie','Wong','charlie@gmail.com','0112345678','pass789',DATE '1988-03-22','Malaysia','Gold', DATE '2025-11-03');
INSERT INTO customer (customer_id, first_name, last_name, email, phone_number, password, date_of_birth, country, membership_status, registration_date)
VALUES (4, 'Diana','Lim','diana@gmail.com','0179876543','pass321',DATE '1992-07-30','Thailand','Platinum', DATE '2025-11-04');
INSERT INTO customer (customer_id, first_name, last_name, email, phone_number, password, date_of_birth, country, membership_status, registration_date)
VALUES (5, 'Ethan','Ng','ethan@gmail.com','0161234567','pass654',DATE '1996-11-05','Malaysia','Regular', DATE '2025-11-05');
INSERT INTO customer (customer_id, first_name, last_name, email, phone_number, password, date_of_birth, country, membership_status, registration_date)
VALUES (6, 'Fiona','Chong','fiona@gmail.com','0137654321','pass987',DATE '1993-01-12','Singapore','Silver', DATE '2025-11-06');
INSERT INTO customer (customer_id, first_name, last_name, email, phone_number, password, date_of_birth, country, membership_status, registration_date)
VALUES (7, 'George','Tan','george@gmail.com','0141122334','pass147',DATE '1987-09-19','Indonesia','Gold', DATE '2025-11-07');
INSERT INTO customer (customer_id, first_name, last_name, email, phone_number, password, date_of_birth, country, membership_status, registration_date)
VALUES (8, 'Hannah','Lim','hannah@gmail.com','0189988776','pass258',DATE '1994-04-25','Malaysia','Platinum', DATE '2025-11-08');
INSERT INTO customer (customer_id, first_name, last_name, email, phone_number, password, date_of_birth, country, membership_status, registration_date)
VALUES (9, 'Ian','Lee','ian@gmail.com','0156677889','pass369',DATE '1991-08-10','Singapore','Regular', DATE '2025-11-09');
INSERT INTO customer (customer_id, first_name, last_name, email, phone_number, password, date_of_birth, country, membership_status, registration_date)
VALUES (10, 'Julia','Ng','julia@gmail.com','0191122334','pass741',DATE '1997-12-28','Malaysia','Silver', DATE '2025-11-10');


INSERT INTO Hotel VALUES
(1, 'Bali Resort', 'Bali, Indonesia', '0111234567', 'contact@baliresort.com', 'Made Santoso', 120, 'Open', 4.5, 'www.baliresort.com');

INSERT INTO Hotel VALUES
(2, 'Tokyo Hotel', 'Tokyo, Japan', '0122345678', 'info@tokyohotel.com', 'Hiroshi Tanaka', 200, 'Open', 4.7, 'www.tokyohotel.com');

INSERT INTO Hotel VALUES
(3, 'Phuket Resort', 'Phuket, Thailand', '0133456789', 'support@phuketresort.com', 'Somchai Chaiyawan', 150, 'Open', 4.4, 'www.phuketresort.com');

INSERT INTO Hotel VALUES
(4, 'Kyoto Inn', 'Kyoto, Japan', '0144567890', 'hello@kyotoinn.com', 'Yuki Nakamura', 80, 'Open', 4.6, 'www.kyotoinn.com');

INSERT INTO Hotel VALUES
(5, 'Langkawi Resort', 'Langkawi, Malaysia', '0155678901', 'contact@langkawiresort.com', 'Aminah Abdullah', 140, 'Open', 4.3, 'www.langkawiresort.com');

INSERT INTO Hotel VALUES
(6, 'Seoul Hotel', 'Seoul, Korea', '0166789012', 'info@seoulhotel.com', 'Kim Min-jun', 160, 'Open', 4.8, 'www.seoulhotel.com');

INSERT INTO Hotel VALUES
(7, 'Paris Hotel', 'Paris, France', '0177890123', 'reservations@parishotel.com', 'Julien Dupont', 180, 'Open', 4.9, 'www.parishotel.com');

INSERT INTO Hotel VALUES
(8, 'Johannesburg Lodge', 'Johannesburg, South Africa', '0188901234', 'contact@joburglodge.com', 'Thabo Mokoena', 110, 'Open', 4.2, 'www.johannesburglodge.com');

INSERT INTO Hotel VALUES
(9, 'Hokkaido Hotel', 'Hokkaido, Japan', '0199012345', 'info@hokkaidohotel.com', 'Satoshi Fujimoto', 130, 'Open', 4.7, 'www.hokkaidohotel.com');

INSERT INTO Hotel VALUES
(10, 'Maldives Resort', 'Maldives', '0100123456', 'stay@maldivesresort.com', 'Ibrahim Hassan', 90, 'Open', 5.0, 'www.maldivesresort.com');

INSERT INTO Hotel VALUES
(11, 'Rome Hotel', 'Rome, Italy', '0110234567', 'info@romehotel.com', 'Marco Romano', 170, 'Open', 4.6, 'www.romehotel.com');

INSERT INTO Hotel VALUES
(12, 'Bangkok Inn', 'Bangkok, Thailand', '0121345678', 'contact@bangkokinn.com', 'Nattaya Kittipong', 140, 'Open', 4.4, 'www.bangkokinn.com');

INSERT INTO Hotel VALUES
(13, 'Phuket Beach Villas', 'Phuket, Thailand', '0132456789', 'stay@phuketbeachvillas.com', 'Ananda Preecha', 60, 'Open', 4.5, 'www.phuketbeachvillas.com');



INSERT INTO FLIGHTS VALUES (1001, 'Malaysia Airlines MH123',
    TO_DATE('08:30','HH24:MI'), TO_DATE('11:45','HH24:MI'),
    TO_DATE('2025-12-01','YYYY-MM-DD'), TO_DATE('2025-12-01','YYYY-MM-DD'),
    'Kuala Lumpur','Tokyo','On Time','250');

INSERT INTO FLIGHTS VALUES(1002, 'AirAsia AK789',
    TO_DATE('14:10','HH24:MI'), TO_DATE('16:50','HH24:MI'),
    TO_DATE('2025-12-02','YYYY-MM-DD'), TO_DATE('2025-12-02','YYYY-MM-DD'),
    'Penang','Bangkok','Delayed','180');

INSERT INTO FLIGHTS VALUES (1003, 'Singapore Airlines SQ456',
    TO_DATE('09:00','HH24:MI'), TO_DATE('13:20','HH24:MI'),
    TO_DATE('2025-12-03','YYYY-MM-DD'), TO_DATE('2025-12-03','YYYY-MM-DD'),
    'Singapore','Seoul','On Time','300');

INSERT INTO FLIGHTS VALUES (1004, 'Emirates EK343',
    TO_DATE('23:50','HH24:MI'), TO_DATE('05:30','HH24:MI'),
    TO_DATE('2025-12-04','YYYY-MM-DD'), TO_DATE('2025-12-05','YYYY-MM-DD'),
    'Kuala Lumpur','Dubai','On Time','350');

INSERT INTO FLIGHTS VALUES (1005, 'Qatar Airways QR847',
    TO_DATE('18:15','HH24:MI'), TO_DATE('22:00','HH24:MI'),
    TO_DATE('2025-12-05','YYYY-MM-DD'), TO_DATE('2025-12-05','YYYY-MM-DD'),
    'Doha','London','Cancelled','280');

INSERT INTO FLIGHTS VALUES (1006, 'Batik Air OD112',
    TO_DATE('07:45','HH24:MI'), TO_DATE('09:30','HH24:MI'),
    TO_DATE('2025-12-06','YYYY-MM-DD'), TO_DATE('2025-12-06','YYYY-MM-DD'),
    'Kuala Lumpur','Singapore','On Time','160');

INSERT INTO FLIGHTS VALUES (1007, 'Japan Airlines JL708',
    TO_DATE('10:30','HH24:MI'), TO_DATE('17:00','HH24:MI'),
    TO_DATE('2025-12-07','YYYY-MM-DD'), TO_DATE('2025-12-07','YYYY-MM-DD'),
    'Tokyo','Los Angeles','On Time','320');

INSERT INTO FLIGHTS VALUES (1008, 'Turkish Airlines TK061',
    TO_DATE('01:20','HH24:MI'), TO_DATE('07:20','HH24:MI'),
    TO_DATE('2025-12-08','YYYY-MM-DD'), TO_DATE('2025-12-08','YYYY-MM-DD'),
    'Istanbul','Kuala Lumpur','Delayed','290');

INSERT INTO FLIGHTS VALUES (1009, 'AirAsia X D7210',
    TO_DATE('12:00','HH24:MI'), TO_DATE('20:00','HH24:MI'),
    TO_DATE('2025-12-09','YYYY-MM-DD'), TO_DATE('2025-12-09','YYYY-MM-DD'),
    'Kuala Lumpur','Sydney','On Time','330');

INSERT INTO FLIGHTS VALUES (1010, 'Etihad EY411',
    TO_DATE('21:45','HH24:MI'), TO_DATE('03:00','HH24:MI'),
    TO_DATE('2025-12-10','YYYY-MM-DD'), TO_DATE('2025-12-11','YYYY-MM-DD'),
    'Abu Dhabi','Bangkok','On Time','260');



INSERT INTO APARTMENT VALUES( 301, 'Ahmad Zulkifli','Jalan Ampang 25, Menara Harmoni',12,'Kuala Lumpur', 1800.00, 2, 4, '012-3456789','Yes');
INSERT INTO APARTMENT VALUES (302, 'Lim Wei Han','Residensi Damansara, Jalan Kiara 3',8, 'Kuala Lumpur', 2500.00, 3, 6, '013-8899211','No');
INSERT INTO APARTMENT VALUES (303, 'Siti Nur Aina','Tingkat 10, Sri Pelangi Apartment',10,'Johor Bahru', 1200.00, 2, 3, '017-2211988','Yes');
INSERT INTO APARTMENT VALUES (304, 'Raj Kumar','Block B, Taman Mutiara Heights',5,'Penang', 1600.00, 2, 4, '019-7712334','Yes');
INSERT INTO APARTMENT VALUES (305, 'Faridah Omar','Kondo Sutera Indah, Jalan Sutera',15,'Melaka', 1400.00, 1, 2, '011-56372822','No');
INSERT INTO APARTMENT VALUES (306, 'Nurul Shafiqah','Residensi Mutiara Sejati',3,'Shah Alam', 1700.00, 2, 3, '014-7273833','Yes');
INSERT INTO APARTMENT VALUES (307, 'Jason Tan','BayStar Condo, Jalan Harbour',21,'Penang', 2300.00, 3, 5, '012-9988776','No');
INSERT INTO APARTMENT VALUES (308, 'Kavitha Devi','Vista Impiana Block A',9,'Kuala Lumpur', 2000.00, 2, 4, '016-4412299','Yes');
INSERT INTO APARTMENT VALUES (309, 'Hafiz Rahman','Lagoon Perdana Residence',4,'Selangor', 1500.00, 2, 3, '018-2211199','Yes');
INSERT INTO APARTMENT VALUES(310, 'Cassandra Lee','Maple Residences Tower B',18,'Cyberjaya', 1900.00, 2, 4, '010-3456622','No');

INSERT INTO TRAVEL_PACKAGE (hotel_id, package_name, destination_name, duration, price, included_activities, start_date, end_date, availability_status) VALUES
(1, 'Beach Bliss', 'Bali', 4, 899.00, 'Surfing, Spa, Sunset Dinner', DATE '2025-01-05', DATE '2025-01-09', 'Available');
INSERT INTO TRAVEL_PACKAGE (hotel_id, package_name, destination_name, duration, price, included_activities, start_date, end_date, availability_status) VALUES
(2, 'City Escape', 'Tokyo', 5, 1299.00, 'City Tour, Sushi Class', DATE '2025-02-10', DATE '2025-02-15', 'Available');
INSERT INTO TRAVEL_PACKAGE (hotel_id, package_name, destination_name, duration, price, included_activities, start_date, end_date, availability_status) VALUES
(3, 'Island Hopper', 'Phuket', 3, 499.00, 'Island Hopping, Snorkeling', DATE '2025-03-02', DATE '2025-03-05', 'Full');
INSERT INTO TRAVEL_PACKAGE (hotel_id, package_name, destination_name, duration, price, included_activities, start_date, end_date, availability_status) VALUES
(4, 'Heritage Trail', 'Kyoto', 4, 1150.00, 'Temple Visit, Tea Ceremony', DATE '2025-04-12', DATE '2025-04-16', 'Available');
INSERT INTO TRAVEL_PACKAGE (hotel_id, package_name, destination_name, duration, price, included_activities, start_date, end_date, availability_status) VALUES
(5, 'Summer Splash', 'Langkawi', 3, 399.00, 'Cable Car, Mangrove Tour', DATE '2025-05-01', DATE '2025-05-04', 'Cancelled');
INSERT INTO TRAVEL_PACKAGE (hotel_id, package_name, destination_name, duration, price, included_activities, start_date, end_date, availability_status) VALUES
(6, 'Winter Magic', 'Seoul', 6, 1800.00, 'Skiing, Street Food Tour', DATE '2025-12-20', DATE '2025-12-26', 'Available');
INSERT INTO TRAVEL_PACKAGE (hotel_id, package_name, destination_name, duration, price, included_activities, start_date, end_date, availability_status) VALUES
(7, 'Romantic Retreat', 'Paris', 5, 2500.00, 'Eiffel Dinner, River Cruise', DATE '2025-06-01', DATE '2025-06-06', 'Available');
INSERT INTO TRAVEL_PACKAGE (hotel_id, package_name, destination_name, duration, price, included_activities, start_date, end_date, availability_status) VALUES
(8, 'Safari Adventure', 'Johannesburg', 7, 3200.00, 'Safari Drive, Cultural Tour', DATE '2025-07-10', DATE '2025-07-17', 'Available');
INSERT INTO TRAVEL_PACKAGE (hotel_id, package_name, destination_name, duration, price, included_activities, start_date, end_date, availability_status) VALUES
(9, 'Snow Escape', 'Hokkaido', 4, 1600.00, 'Snowboarding, Hot Springs', DATE '2025-01-15', DATE '2025-01-19', 'Full');
INSERT INTO TRAVEL_PACKAGE (hotel_id, package_name, destination_name, duration, price, included_activities, start_date, end_date, availability_status) VALUES
(10, 'Tropical Retreat', 'Maldives', 4, 2900.00, 'Water Villa, Snorkeling', DATE '2025-08-05', DATE '2025-08-09', 'Available');
INSERT INTO TRAVEL_PACKAGE (hotel_id, package_name, destination_name, duration, price, included_activities, start_date, end_date, availability_status) VALUES
(11, 'Historic Europe', 'Rome', 6, 2100.00, 'City Tour, Museum Pass', DATE '2025-09-10', DATE '2025-09-16', 'Available');
INSERT INTO TRAVEL_PACKAGE (hotel_id, package_name, destination_name, duration, price, included_activities, start_date, end_date, availability_status) VALUES
(12, 'Cultural Journey', 'Bangkok', 3, 550.00, 'Temple Visit, Boat Ride', DATE '2025-03-20', DATE '2025-03-23', 'Available');


INSERT INTO REVIEW VALUES
(3010, 1, 1, 301, 'Yes, this place is peaceful and convenient.',
 TO_DATE('2025-01-08','YYYY-MM-DD'), 9, 10, 9, 88);

INSERT INTO REVIEW VALUES
(3020, 2, 2, 302, 'No, the noise level was too high at night.', 
 TO_DATE('2025-01-12','YYYY-MM-DD'), 6, 7, 6, 50);

INSERT INTO REVIEW VALUES
(3030, 3, 3, 303, 'Yes, friendly staff and clean room.', 
 TO_DATE('2025-02-03','YYYY-MM-DD'), 8, 9, 8, 90);

INSERT INTO REVIEW VALUES
(3040, 4, 4, 304, 'No, bathroom was not well maintained.', 
 TO_DATE('2025-02-16','YYYY-MM-DD'), 7, 8, 7, 45);

INSERT INTO REVIEW VALUES
(3050, 5, 5, 305, 'Yes, value for money and good location.', 
 TO_DATE('2025-02-22','YYYY-MM-DD'), 9, 9, 9, 100);

INSERT INTO REVIEW VALUES
(3060, 6, 6, 306, 'Yes, amazing service and comfortable stay.', 
 TO_DATE('2025-03-04','YYYY-MM-DD'), 8, 8, 8, 78);

INSERT INTO REVIEW VALUES
(3070, 7, 7, 307, 'No, food quality could be improved.', 
 TO_DATE('2025-03-08','YYYY-MM-DD'), 6, 7, 6, 66);

INSERT INTO REVIEW VALUES
(3080, 8, 8, 308, 'No, the room was not clean and the staff was unhelpful.', 
 TO_DATE('2025-03-16','YYYY-MM-DD'), 7, 6, 7, 38);

INSERT INTO REVIEW VALUES
(3090, 9, 9, 309, 'Yes, excellent location and friendly staff.', 
 TO_DATE('2025-04-03','YYYY-MM-DD'), 10, 10, 10, 100);
INSERT INTO REVIEW VALUES
(3100, 10, 10, 310, 'No, the amenities were lacking.', 
 TO_DATE('2025-04-12','YYYY-MM-DD'), 5, 5, 5, 50);



INSERT INTO TRANSPORT (transport_id, package_id, type, pickup_location, dropoff_location, pickup_time, dropoff_time, trip_cost, service_provider, availability_status) VALUES
(101, 1, 'Shuttle', 'Airport', 'Hotel', TIMESTAMP '2025-01-05 10:00:00', TIMESTAMP '2025-01-05 11:00:00', 25.00, 'GrabTravel', 'On Time');
INSERT INTO TRANSPORT (transport_id, package_id, type, pickup_location, dropoff_location, pickup_time, dropoff_time, trip_cost, service_provider, availability_status) VALUES
(102, 2, 'Train', 'Narita', 'Tokyo', TIMESTAMP '2025-02-10 14:00:00', TIMESTAMP '2025-02-10 15:30:00', 40.00, 'JR Line', 'Delayed');
INSERT INTO TRANSPORT (transport_id, package_id, type, pickup_location, dropoff_location, pickup_time, dropoff_time, trip_cost, service_provider, availability_status) VALUES
(103, 3, 'Boat', 'Pier 1', 'Phi Phi', TIMESTAMP '2025-03-02 09:00:00', TIMESTAMP '2025-03-02 10:00:00', 30.00, 'IslandFerry', 'On Time');
INSERT INTO TRANSPORT (transport_id, package_id, type, pickup_location, dropoff_location, pickup_time, dropoff_time, trip_cost, service_provider, availability_status) VALUES
(104, 4, 'Bus', 'Kyoto Station', 'Hotel', TIMESTAMP '2025-04-12 13:00:00', TIMESTAMP '2025-04-12 14:00:00', 12.00, 'KyotoBus', 'On Time');
INSERT INTO TRANSPORT (transport_id, package_id, type, pickup_location, dropoff_location, pickup_time, dropoff_time, trip_cost, service_provider, availability_status) VALUES
(105, 5, 'Van', 'Airport', 'Resort', TIMESTAMP '2025-05-01 16:00:00', TIMESTAMP '2025-05-01 17:00:00', 18.00, 'LangkawiTours', 'Cancelled');
INSERT INTO TRANSPORT (transport_id, package_id, type, pickup_location, dropoff_location, pickup_time, dropoff_time, trip_cost, service_provider, availability_status) VALUES
(106, 6, 'Shuttle', 'Incheon', 'Myeongdong', TIMESTAMP '2025-12-20 09:30:00', TIMESTAMP '2025-12-20 10:30:00', 20.00, 'K-AirportBus', 'On Time');
INSERT INTO TRANSPORT (transport_id, package_id, type, pickup_location, dropoff_location, pickup_time, dropoff_time, trip_cost, service_provider, availability_status) VALUES
(107, 7, 'Limo', 'CDG', 'Paris Hotel', TIMESTAMP '2025-06-01 08:00:00', TIMESTAMP '2025-06-01 09:00:00', 60.00, 'EliteRide', 'On Time');
INSERT INTO TRANSPORT (transport_id, package_id, type, pickup_location, dropoff_location, pickup_time, dropoff_time, trip_cost, service_provider, availability_status) VALUES
(108, 8, 'Jeep', 'Safari Camp', 'Reserve', TIMESTAMP '2025-07-10 06:00:00', TIMESTAMP '2025-07-10 09:00:00', 120.00, 'WildAfrica', 'On Time');
INSERT INTO TRANSPORT (transport_id, package_id, type, pickup_location, dropoff_location, pickup_time, dropoff_time, trip_cost, service_provider, availability_status) VALUES
(109, 9, 'Snow Bus', 'Airport', 'Sapporo', TIMESTAMP '2025-01-15 12:00:00', TIMESTAMP '2025-01-15 13:00:00', 35.00, 'HokkaidoTrans', 'Delayed');
INSERT INTO TRANSPORT (transport_id, package_id, type, pickup_location, dropoff_location, pickup_time, dropoff_time, trip_cost, service_provider, availability_status) VALUES
(110, 10, 'Boat', 'Resort Pier', 'Reef', TIMESTAMP '2025-08-05 10:00:00', TIMESTAMP '2025-08-05 11:30:00', 90.00, 'BlueLagoon', 'On Time');
INSERT INTO TRANSPORT (transport_id, package_id, type, pickup_location, dropoff_location, pickup_time, dropoff_time, trip_cost, service_provider, availability_status) VALUES
(111, 11, 'Bus', 'Hotel', 'Colosseum', TIMESTAMP '2025-09-10 09:00:00', TIMESTAMP '2025-09-10 09:30:00', 15.00, 'RomeShuttle', 'On Time');  
INSERT INTO TRANSPORT (transport_id, package_id, type, pickup_location, dropoff_location, pickup_time, dropoff_time, trip_cost, service_provider, availability_status) VALUES
(112, 12, 'Boat', 'River Pier', 'Temple', TIMESTAMP '2025-03-20 14:00:00', TIMESTAMP '2025-03-20 15:00:00', 10.00, 'BangkokFerry', 'On Time');



INSERT INTO ROOM VALUES 
(201, 1, 5001, TO_DATE('2025-01-05','YYYY-MM-DD'), TO_DATE('2025-01-08','YYYY-MM-DD'),
 2, 450.00, 'CONFIRMED', 'PAID', TO_DATE('2025-01-01','YYYY-MM-DD'));

INSERT INTO ROOM VALUES 
(202, 2, 5002, TO_DATE('2025-01-10','YYYY-MM-DD'), TO_DATE('2025-01-12','YYYY-MM-DD'),
 3, 620.00, 'PENDING', 'UNPAID', TO_DATE('2025-01-05','YYYY-MM-DD'));

INSERT INTO ROOM VALUES 
(203, 3, 5003, TO_DATE('2025-02-01','YYYY-MM-DD'), TO_DATE('2025-02-03','YYYY-MM-DD'),
 2, 380.00, 'CONFIRMED', 'PAID', TO_DATE('2025-01-28','YYYY-MM-DD'));

INSERT INTO ROOM VALUES 
(204, 4, 5004, TO_DATE('2025-02-10','YYYY-MM-DD'), TO_DATE('2025-02-15','YYYY-MM-DD'),
 4, 950.00, 'CANCELLED', 'REFUNDED', TO_DATE('2025-02-01','YYYY-MM-DD'));

INSERT INTO ROOM VALUES 
(205, 5, 5005, TO_DATE('2025-02-20','YYYY-MM-DD'), TO_DATE('2025-02-22','YYYY-MM-DD'),
 1, 240.00, 'CONFIRMED', 'PAID', TO_DATE('2025-02-10','YYYY-MM-DD'));

INSERT INTO ROOM VALUES 
(206, 6, 5006, TO_DATE('2025-03-01','YYYY-MM-DD'), TO_DATE('2025-03-04','YYYY-MM-DD'),
 2, 510.00, 'CONFIRMED', 'PAID', TO_DATE('2025-02-25','YYYY-MM-DD'));

INSERT INTO ROOM VALUES 
(207, 7, 5007, TO_DATE('2025-03-05','YYYY-MM-DD'), TO_DATE('2025-03-08','YYYY-MM-DD'),
 3, 730.00, 'PENDING', 'UNPAID', TO_DATE('2025-03-01','YYYY-MM-DD'));

INSERT INTO ROOM VALUES 
(208, 8, 5008, TO_DATE('2025-03-15','YYYY-MM-DD'), TO_DATE('2025-03-16','YYYY-MM-DD'),
 2, 310.00, 'CONFIRMED', 'PAID', TO_DATE('2025-03-10','YYYY-MM-DD'));

INSERT INTO ROOM VALUES 
(209, 9, 5009, TO_DATE('2025-04-01','YYYY-MM-DD'), TO_DATE('2025-04-03','YYYY-MM-DD'),
 2, 420.00, 'CONFIRMED', 'PAID', TO_DATE('2025-03-25','YYYY-MM-DD'));

INSERT INTO ROOM VALUES 
(210, 10, 5010, TO_DATE('2025-04-10','YYYY-MM-DD'), TO_DATE('2025-04-12','YYYY-MM-DD'),
 4, 890.00, 'CANCELLED', 'UNPAID', TO_DATE('2025-04-01','YYYY-MM-DD'));



INSERT INTO FLIGHT_BOOKING VALUES
('101A', 1001, 1, '12A', TO_DATE('2025-01-10','YYYY-MM-DD'), 450.00, 'Economy', 'PAID', 'CONFIRMED', 'Yes');
INSERT INTO FLIGHT_BOOKING VALUES
('102B', 1002, 2, '07C', TO_DATE('2025-01-12','YYYY-MM-DD'), 780.50, 'Business', 'UNPAID', 'PENDING', 'No');
INSERT INTO FLIGHT_BOOKING VALUES
('103C', 1003, 3, '09B', TO_DATE('2025-02-01','YYYY-MM-DD'), 320.00, 'Economy', 'PAID', 'CONFIRMED','Yes');
INSERT INTO FLIGHT_BOOKING VALUES
('104D', 1004, 4, '14D', TO_DATE('2025-02-05','YYYY-MM-DD'), 1200.00, 'First Class', 'PAID', 'CONFIRMED','Yes');
INSERT INTO FLIGHT_BOOKING VALUES
('105E', 1005, 5, '18F', TO_DATE('2025-02-10','YYYY-MM-DD'), 510.00, 'Economy', 'UNPAID', 'CANCELLED','No');
INSERT INTO FLIGHT_BOOKING VALUES
('106F', 1006, 6, '21A', TO_DATE('2025-03-02','YYYY-MM-DD'), 650.75, 'Economy', 'PAID', 'CONFIRMED','No');
INSERT INTO FLIGHT_BOOKING VALUES
('107G', 1007, 7, '03E', TO_DATE('2025-03-04','YYYY-MM-DD'), 890.20, 'Business', 'PAID', 'CONFIRMED','Yes');
INSERT INTO FLIGHT_BOOKING VALUES
('108A', 1008, 8, '05C', TO_DATE('2025-03-15','YYYY-MM-DD'), 1500.00, 'First Class', 'UNPAID', 'PENDING','Yes');
INSERT INTO FLIGHT_BOOKING VALUES
('109C', 1009, 9, '11B', TO_DATE('2025-04-01','YYYY-MM-DD'), 480.00, 'Economy', 'PAID', 'CONFIRMED','Yes');
INSERT INTO FLIGHT_BOOKING VALUES
('110D', 1010, 10, '06A', TO_DATE('2025-04-05','YYYY-MM-DD'), 910.35, 'Business', 'UNPAID', 'CANCELLED','Yes');


--STAFF
INSERT INTO staff (staff_id, hotel_id, first_name, last_name, position, email, phone_number, hire_date, employment_status, salary)
VALUES (1, 1,'John','Smith','Manager','john@hotel.com','0122223333', DATE '2025-01-10', 'Active', 5000);
INSERT INTO staff (staff_id, hotel_id, first_name, last_name, position, email, phone_number, hire_date, employment_status, salary)
VALUES (2, 1,'Mary','Lim','Receptionist','mary@hotel.com','0124445555', DATE '2025-02-12', 'Active', 3000);
INSERT INTO staff (staff_id, hotel_id, first_name, last_name, position, email, phone_number, hire_date, employment_status, salary)
VALUES (3, 2,'Peter','Tan','Housekeeping','peter@hotel.com','0131112222', DATE '2025-03-15', 'Active', 2800);
INSERT INTO staff (staff_id, hotel_id, first_name, last_name, position, email, phone_number, hire_date, employment_status, salary)
VALUES (4, 2,'Susan','Wong','Chef','susan@hotel.com','0143334444', DATE '2025-04-20', 'Active', 3200);
INSERT INTO staff (staff_id, hotel_id, first_name, last_name, position, email, phone_number, hire_date, employment_status, salary)
VALUES (5, 3,'David','Ng','Manager','david@hotel.com','0155556666', DATE '2025-05-18', 'Active', 5200);
INSERT INTO staff (staff_id, hotel_id, first_name, last_name, position, email, phone_number, hire_date, employment_status, salary)
VALUES (6, 3,'Linda','Chong','Receptionist','linda@hotel.com','0167778888', DATE '2025-06-22', 'Active', 3000);
INSERT INTO staff (staff_id, hotel_id, first_name, last_name, position, email, phone_number, hire_date, employment_status, salary)
VALUES (7, 4,'Kevin','Tan','Housekeeping','kevin@hotel.com','0179990000', DATE '2025-07-05', 'Active', 2800);
INSERT INTO staff (staff_id, hotel_id, first_name, last_name, position, email, phone_number, hire_date, employment_status, salary)
VALUES (8, 4,'Angela','Lim','Chef','angela@hotel.com','0181122334', DATE '2025-08-12', 'Active', 3200);
INSERT INTO staff (staff_id, hotel_id, first_name, last_name, position, email, phone_number, hire_date, employment_status, salary)
VALUES (9, 5,'Brian','Lee','Manager','brian@hotel.com','0194455667', DATE '2025-09-15', 'Active', 5100);
INSERT INTO staff (staff_id, hotel_id, first_name, last_name, position, email, phone_number, hire_date, employment_status, salary)
VALUES (10, 5,'Catherine','Ng','Receptionist','catherine@hotel.com','0112233445', DATE '2025-10-20', 'Active', 3000);


INSERT INTO PACKAGE_TRANSPORT (PackageTransport_id,package_id, transport_id, departure_date, arrival_date, departure_time, arrival_time, pickup_location, dropoff_location, price_included) VALUES
(3212, 1, 101, DATE '2025-01-05', DATE '2025-01-05', TIMESTAMP '2025-01-05 10:00:00', TIMESTAMP '2025-01-05 11:00:00', 'Airport', 'Hotel', 20.00);
INSERT INTO PACKAGE_TRANSPORT (PackageTransport_id,package_id, transport_id, departure_date, arrival_date, departure_time, arrival_time, pickup_location, dropoff_location, price_included) VALUES
(5324, 2, 102, DATE '2025-02-10', DATE '2025-02-10', TIMESTAMP '2025-02-10 14:00:00', TIMESTAMP '2025-02-10 15:30:00', 'Narita', 'Tokyo', 35.00);
INSERT INTO PACKAGE_TRANSPORT (PackageTransport_id,package_id, transport_id, departure_date, arrival_date, departure_time, arrival_time, pickup_location, dropoff_location, price_included) VALUES
(5343, 3, 103, DATE '2025-03-02', DATE '2025-03-02', TIMESTAMP '2025-03-02 09:00:00', TIMESTAMP '2025-03-02 10:00:00', 'Pier 1', 'Phi Phi', 25.00);
INSERT INTO PACKAGE_TRANSPORT (PackageTransport_id,package_id, transport_id, departure_date, arrival_date, departure_time, arrival_time, pickup_location, dropoff_location, price_included) VALUES
(8097, 4, 104, DATE '2025-04-12', DATE '2025-04-12', TIMESTAMP '2025-04-12 13:00:00', TIMESTAMP '2025-04-12 14:00:00', 'Kyoto Station', 'Hotel', 10.00);
INSERT INTO PACKAGE_TRANSPORT (PackageTransport_id,package_id, transport_id, departure_date, arrival_date, departure_time, arrival_time, pickup_location, dropoff_location, price_included) VALUES
(6756, 5, 105, DATE '2025-05-01', DATE '2025-05-01', TIMESTAMP '2025-05-01 16:00:00', TIMESTAMP '2025-05-01 17:00:00', 'Airport', 'Resort', 15.00);
INSERT INTO PACKAGE_TRANSPORT (PackageTransport_id,package_id, transport_id, departure_date, arrival_date, departure_time, arrival_time, pickup_location, dropoff_location, price_included) VALUES
(0384, 6, 106, DATE '2025-12-20', DATE '2025-12-20', TIMESTAMP '2025-12-20 09:30:00', TIMESTAMP '2025-12-20 10:30:00', 'Incheon', 'Myeongdong', 18.00);
INSERT INTO PACKAGE_TRANSPORT (PackageTransport_id,package_id, transport_id, departure_date, arrival_date, departure_time, arrival_time, pickup_location, dropoff_location, price_included) VALUES
(7648, 7, 107, DATE '2025-06-01', DATE '2025-06-01', TIMESTAMP '2025-06-01 08:00:00', TIMESTAMP '2025-06-01 09:00:00', 'CDG', 'Hotel', 50.00);
INSERT INTO PACKAGE_TRANSPORT (PackageTransport_id,package_id, transport_id, departure_date, arrival_date, departure_time, arrival_time, pickup_location, dropoff_location, price_included) VALUES
(6578, 8, 108, DATE '2025-07-10', DATE '2025-07-10', TIMESTAMP '2025-07-10 06:00:00', TIMESTAMP '2025-07-10 09:00:00', 'Safari Camp', 'Reserve', 100.00);
INSERT INTO PACKAGE_TRANSPORT (PackageTransport_id,package_id, transport_id, departure_date, arrival_date, departure_time, arrival_time, pickup_location, dropoff_location, price_included) VALUES
(2938, 9, 109, DATE '2025-01-15', DATE '2025-01-15', TIMESTAMP '2025-01-15 12:00:00', TIMESTAMP '2025-01-15 13:00:00', 'Airport', 'Sapporo', 30.00);
INSERT INTO PACKAGE_TRANSPORT (PackageTransport_id,package_id, transport_id, departure_date, arrival_date, departure_time, arrival_time, pickup_location, dropoff_location, price_included) VALUES
(5746, 10, 110, DATE '2025-08-05', DATE '2025-08-05', TIMESTAMP '2025-08-05 10:00:00', TIMESTAMP '2025-08-05 11:30:00', 'Resort Pier', 'Reef', 75.00);




INSERT INTO Reservation VALUES
(1, 1, 101, 201, 1, 301, DATE '2025-01-05', DATE '2025-01-09', 'Confirmed', 899.00);

INSERT INTO Reservation VALUES
(2, 2, 102, 202, 2, 302, DATE '2025-01-12', DATE '2025-01-17', 'Confirmed', 1299.00);

INSERT INTO Reservation VALUES
(3, 3, 103, 203, 3, 303, DATE '2025-02-01', DATE '2025-02-04', 'Cancelled', 499.00);

INSERT INTO Reservation VALUES
(4, 4, 104, 204, 4, 304, DATE '2025-02-18', DATE '2025-02-22', 'Confirmed', 1150.00);

INSERT INTO Reservation VALUES
(5, 5, 105, 205, 5, 305, DATE '2025-03-02', DATE '2025-03-05', 'Pending', 399.00);

INSERT INTO Reservation VALUES
(6, 6, 106, 206, 6, 306, DATE '2025-03-15', DATE '2025-03-21', 'Confirmed', 1800.00);

INSERT INTO Reservation VALUES
(7, 7, 107, 207, 7, 307, DATE '2025-04-01', DATE '2025-04-06', 'Confirmed', 2500.00);

INSERT INTO Reservation VALUES
(8, 8, 108, 208, 8, 308, DATE '2025-04-10', DATE '2025-04-17', 'Confirmed', 3200.00);

INSERT INTO Reservation VALUES
(9, 9, 109, 209, 9, 309, DATE '2025-01-20', DATE '2025-01-24', 'Cancelled', 1600.00);

INSERT INTO Reservation VALUES
(10, 10, 110, 210, 10, 310, DATE '2025-02-25', DATE '2025-03-01', 'Confirmed', 2900.00);

INSERT INTO Reservation VALUES
(11, 11, 111, 211, 11, 311, DATE '2025-03-12', DATE '2025-03-18', 'Pending', 2100.00);

INSERT INTO Reservation VALUES
(12, 12, 112, 212, 12, 312, DATE '2025-04-05', DATE '2025-04-08', 'Confirmed', 550.00);

SELECT * FROM Customer;
SELECT * FROM Hotel;
SELECT * FROM FLIGHTS;
SELECT * FROM APARTMENT;
SELECT * FROM TRAVEL_PACKAGE;
SELECT * FROM REVIEW;
SELECT * FROM TRANSPORT;
SELECT * FROM ROOM;
SELECT * FROM FLIGHT_BOOKING;
SELECT * FROM Staff;
SELECT * FROM PACKAGE_TRANSPORT;
SELECT * FROM Reservation;  